feature,mean_abs_shap
radius error,1.1079381146287937
area error,1.0727808494084219
worst area,0.8646935077814446
worst radius,0.814542259625836
worst texture,0.6555606705872102
worst perimeter,0.6332962189269348
worst concave points,0.60135806377111
mean concave points,0.6003563626925386
mean area,0.5647943661027125
worst smoothness,0.5552512667710621
mean compactness,0.5422856934816415
compactness error,0.5322164341405392
worst concavity,0.5295604742989648
mean concavity,0.49355064249432445
worst symmetry,0.48612885177006004
mean perimeter,0.46089876188318724
perimeter error,0.4416039849018202
symmetry error,0.27804345673613506
mean texture,0.259122379889604
mean smoothness,0.24735146885338008
concave points error,0.2455201808857159
fractal dimension error,0.23655601160427556
mean radius,0.21480975675905467
smoothness error,0.17506289539908046
texture error,0.17102980581693458
worst fractal dimension,0.14747351153986274
concavity error,0.13030654937025488
mean symmetry,0.10564113897631586
mean fractal dimension,0.057917762767708124
worst compactness,0.021252217290105544
